﻿<?xml version="1.0" encoding="UTF-8" standalone="yes"?>
	<addon id="repository.inokashira" name="Inokashira Repo" version="1.1" provider-name="Mitaka">
		<extension point="xbmc.addon.repository" name="Inokashira Repo">
			<info compressed="false">https://raw.githubusercontent.com/mitaka/inokashira/master/addons.xml</info>
			<checksum>https://raw.githubusercontent.com/mitaka/inokashira/master/addons.xml.md5</checksum>
			<datadir zip="true">https://raw.githubusercontent.com/mitaka/inokashira/master/zips</datadir>
		</extension>
		<extension point="xbmc.addon.metadata">
			<summary></summary>
			<description></description>
			<platform>all</platform>
		</extension>
	</addon>