﻿<?xml version="1.0" encoding="UTF-8" standalone="yes"?>
<addon id="repository.inokashira" name="Inokashira Repo" version="1.0" provider-name="Mitaka">
	<extension point="xbmc.addon.repository" name="Inokashira Repo">
		<info compressed="false">https://bitbucket.org/mitaka/inokashira/raw/master/addons.xml</info>
		<checksum>https://bitbucket.org/mitaka/inokashira/raw/master/addons.xml.md5</checksum>
		<datadir zip="true">https://bitbucket.org/mitaka/inokashira/raw/master/zips</datadir>
	</extension>
	<extension point="xbmc.addon.metadata">
		<summary></summary>
		<description></description>
		<platform>all</platform>
	</extension>
</addon>